{
        "intents": [
                {
                        "tags": "greeting",
                        "patterns": [
                                "Hi",
                                "How are you",
                                "Is anyone there?",
                                "Hello",
                                "Good day",
                                "Whats up",
                                "Top of the morning"
                        ],
                        "responses": [
                                "Hello!",
                                "Good to see you again!",
                                "Hi there, how can I help?",
                                "Top of the morning to you",
                                "Hi hello",
                                "Yo Yo",
                                "Whats up homie"
                        ]
                },
                {
                        "tags": "goodbye",
                        "patterns": [
                                "cya",
                                "See you later",
                                "Goodbye",
                                "I am Leaving",
                                "Have a Good day"
                        ],
                        "responses": [
                                "Sad to see you go :(",
                                "Talk to you later",
                                "Goodbye!"
                        ]
                },
                {
                        "tags": "myname",
                        "patterns": [
                                "what is my name",
                                "who am i",
                                "do you know who i am?"
                        ],
                        "responses": [
                                "I dont know who you are. I dont have the functionality to receive name input.",
                                "You are a human"
                        ]
                },
                {
                        "tags": "botname",
                        "patterns": [
                                "what is your name",
                                "what should I call you",
                                "whats your name?",
                                "who are you"
                        ],
                        "responses": [
                                "You can call me Lebron the joke bot!",
                                "I'm Lebron the joke bot!"
                        ]
                },
                {
                        "tags": "jokes",
                        "patterns": [
                                "tell me a joke",
                                "say something funny",
                                "make me laugh",
                                "tell me some comedy",
                                "joke",
                                "funny",
                                "laugh",
                                "comedy"
                        ],
                        "responses": [
                                "What did one toilet say to the other? You appear a bit flushed.",
                                "Why are most people tired on April 1? They've just finished a 31-day March.",
                                "How do you make a tissue dance? Put a little boogie in it.",
                                "Why did the rabbit go to the salon? It was having a bad hare day.",
                                "Where do birds stay when they travel? Someplace cheep.",
                                "What kind of felines can bowl? Alley cats.",
                                "What do pigs use to clean up? Hogwash.",
                                "What do you call a fish with no eyes? Fsh.",
                                "What's the best air to breathe if you want to be rich? Millionaire.",
                                "What kind of jewelry do rabbits wear? 14 carrot gold.",
                                "Have you ever had a bad sausage? It's the wurst.",
                                "How do you stop a bull from charging? You cancel its credit card.",
                                "What do you call a moose with no name? Anonymoose."
                        ]
                }
        ]
}